disease_state	donor_id	n_beta_cells
AAB	HPAP107	4606
AAB	HPAP038	942
AAB	HPAP049	894
AAB	HPAP029	805
AAB	HPAP050	355
AAB	HPAP045	332
AAB	HPAP043	271
AAB	HPAP072	201
AAB	HPAP024	92
AAB	HPAP092	25
Control	HPAP093	5941
Control	HPAP101	3806
Control	HPAP105	2818
Control	HPAP067	2650
Control	HPAP104	2476
Control	HPAP103	1425
Control	HPAP080	756
Control	HPAP099	726
Control	HPAP022	656
Control	HPAP069	492
Control	HPAP027	469
Control	HPAP035	448
Control	HPAP037	445
Control	HPAP054	424
Control	HPAP063	403
Control	HPAP053	364
Control	HPAP056	345
Control	HPAP036	343
Control	HPAP040	296
Control	HPAP077	284
Control	HPAP074	249
Control	HPAP052	208
Control	HPAP082	193
Control	HPAP075	163
Control	HPAP059	154
Control	HPAP047	142
Control	HPAP044	133
Control	HPAP026	111
Control	HPAP039	107
Control	HPAP042	103
Control	HPAP034	30
T1D	HPAP084	476
T1D	HPAP064	138
T1D	HPAP055	91
T1D	HPAP071	6
T1D	HPAP021	2
T1D	HPAP023	2
T2D	HPAP100	1727
T2D	HPAP106	1381
T2D	HPAP090	1339
T2D	HPAP085	794
T2D	HPAP109	546
T2D	HPAP081	454
T2D	HPAP091	355
T2D	HPAP061	290
T2D	HPAP058	288
T2D	HPAP088	231
T2D	HPAP062	221
T2D	HPAP057	146
T2D	HPAP083	137
T2D	HPAP065	93
T2D	HPAP051	80
T2D	HPAP079	47
T2D	HPAP070	32
